"client_id","gender","birth_year","region","no..of.inhabitants","ratio.of.urban.inhabitants","average.salary","unemploymant.rate..95","unemploymant.rate..96","no..of.enterpreneurs.per.1000.inhabitants","no..of.commited.crimes..95","no..of.commited.crimes..96","frequency","loan_id","amount","duration","payments","status","balance_avg","balance_sd"
2,1,1945,0,1204953,"100.0",12541,0.29,0.43,167,"85677",99107,0,4959,80952,24,3373,1,32590.6240740741,12061.7056818761
25,0,1939,2,103347,"67.0",9104,1.51,2.07,123,"2299",2354,0,4961,30276,12,2523,-1,25197.0925,15039.2484049323
78,0,1944,2,93931,"56.9",8427,1.12,1.54,107,"1874",1913,0,4973,165960,24,6915,1,52523.2448,20955.6469983724
158,0,1945,4,128118,"85.3",9317,6.49,7.07,97,"6949",6872,2,4996,88440,12,7370,1,62778.0903225806,21638.2588696712
210,1,1939,6,125832,"48.3",8512,3.51,4.12,102,"2247",2103,0,5002,104808,12,8734,1,38709.83,11517.1752482123
352,1,1940,6,124605,"46.0",8772,4.69,4.98,126,"2854",3158,0,5032,123696,48,2577,1,49084.3819672131,20572.4575297371
421,1,1965,6,387570,"100.0",9897,1.6,1.96,140,"18721",18696,0,5044,100980,60,1683,1,35614.7442857143,9576.32771690869
424,1,1947,0,1204953,"100.0",12541,0.29,0.43,167,"85677",99107,0,5045,187224,24,7801,-1,42084.3113636364,22038.4815890867
512,0,1965,6,110643,"51.9",8441,3.45,4.48,115,"1879",2252,0,5060,252060,60,4201,-1,57340.5081967213,21418.9138558837
603,0,1966,1,53921,"41.3",8598,2.77,3.26,123,"1597",1875,0,5082,262980,60,4383,1,41729.6160714286,16330.1732223154
655,1,1942,4,105058,"81.0",9272,2.8,3.22,118,"4340",4505,0,5088,91152,24,3798,1,44829.5441558442,13400.0640966406
944,1,1970,4,119895,"89.9",10446,7.34,9.4,90,"4947",4743,0,5125,73056,48,1522,1,23255.1490196078,6550.59542995513
946,1,1951,6,387570,"100.0",9897,1.6,1.96,140,"18721",18696,0,5126,208128,48,4336,-1,36369.975,22812.186440376
968,1,1957,7,42821,"48.4",8173,7.01,7.01,124,"1358",1358,0,5128,215616,48,4492,-1,21447.6245901639,13056.9873065428
976,0,1955,2,93931,"56.9",8427,1.12,1.54,107,"1874",1913,0,5130,24312,12,2026,1,29380.8397435897,7695.86280086246
980,1,1961,4,128118,"85.3",9317,6.49,7.07,97,"6949",6872,0,5131,48624,24,2026,1,63857.2367521367,25825.8581816605
981,1,1960,1,95616,"51.4",9307,3.85,4.43,118,"2616",3040,0,5132,538500,60,8975,1,33687.8586206897,13408.0203646534
1020,0,1977,7,226122,"62.6",8994,3.8,4.79,110,"9672",9208,0,5136,187104,24,7796,1,66292.372,34581.4013483708
1029,0,1954,0,1204953,"100.0",12541,0.29,0.43,167,"85677",99107,0,5138,87216,48,1817,1,30847.1493243243,6554.7605128343
1102,1,1935,7,226122,"62.6",8994,3.8,4.79,110,"9672",9208,0,5145,309552,48,6449,1,56105.5,21979.384405419
1133,0,1958,4,114006,"62.3",9065,4.46,5.39,123,"4147",4166,0,5148,284280,60,4738,1,64182.6414893617,20167.8024295163
1157,0,1958,1,149893,"67.4",9753,4.64,5.05,109,"5244",5892,2,5151,189060,60,3151,1,72242.8966666667,24683.0632141581
1215,1,1944,5,77917,"53.5",8390,2.28,2.89,132,"2080",2122,0,5160,204000,60,3400,1,37809.3984615385,12656.7828254321
1216,0,1945,6,114200,"43.7",8403,5.74,5.72,105,"2157",2718,0,5161,98184,24,4091,1,41660.3928571429,19672.650902027
1286,0,1950,5,139012,"61.9",8363,2.52,3.49,108,"2564",2799,1,5170,253200,60,4220,1,47302.5463414634,26552.7395045982
1327,0,1963,2,70646,"58.4",8547,2.65,3.64,120,"1563",1542,1,5176,192552,24,8023,-1,23979.0117647059,13015.0266748654
1404,0,1968,1,75637,"36.5",9622,0.45,0.59,154,"3475",3529,0,5189,149040,48,3105,1,36845.5888888889,12658.2467643
1505,0,1971,6,114200,"43.7",8403,5.74,5.72,105,"2157",2718,0,5208,99696,48,2077,-1,46341.2935185185,28762.2069360507
1509,0,1942,6,145688,"40.7",8544,1.29,1.86,109,"2719",2906,0,5209,182640,48,3805,1,37802.23,14199.3815228476
1516,0,1946,4,85852,"59.8",8965,7.08,8.23,104,"2653",2822,0,5212,71064,36,1974,1,34577.3023255814,9923.17154112448
1663,1,1957,2,51428,"52.7",8402,3.13,3.98,120,"999",1099,0,5237,45336,24,1889,1,48152.9533333333,11574.1022400041
1851,0,1975,3,51313,"59.2",8930,3.52,4.2,108,"1328",1452,2,5269,164052,36,4557,-1,41752.1615384615,30609.3898880806
1917,0,1969,7,42821,"48.4",8173,7.01,7.01,124,"1358",1358,2,5282,388512,48,8094,-1,21371.32,21196.6821317327
1944,0,1957,3,51313,"59.2",8930,3.52,4.2,108,"1328",1452,0,5285,78936,12,6578,1,25900.3196078431,7684.86970531107
2063,0,1950,7,228848,"57.2",9893,4.09,4.72,96,"5623",5887,0,5301,141948,36,3943,1,32592.68,17970.9789771546
2136,0,1940,3,72541,"36.9",8594,1.62,2.01,112,"1580",1525,0,5310,248148,36,6893,1,36063.7883333333,10761.578895609
2141,1,1951,3,72541,"36.9",8594,1.62,2.01,112,"1580",1525,0,5311,30060,60,501,1,37213.4075268817,11270.5037458701
2148,0,1953,3,51313,"59.2",8930,3.52,4.2,108,"1328",1452,1,5312,202788,36,5633,1,57124.2683544304,23297.6635746445
2166,0,1947,3,94812,"81.8",9650,3.38,3.67,100,"2985",2804,1,5314,96396,12,8033,-1,12250,8330.8663014919
2181,1,1968,5,112709,"73.5",8369,1.79,2.31,117,"2854",2618,0,5316,165960,36,4610,1,52083.8594594595,29122.0594539456
2195,0,1942,7,228848,"57.2",9893,4.09,4.72,96,"5623",5887,0,5319,239460,60,3991,1,40061.5804347826,16062.5321384148
2235,0,1940,2,177686,"74.8",10045,1.42,1.71,135,"6604",6295,0,5325,105804,36,2939,1,41297.48,14151.2604430371
2259,0,1950,2,51428,"52.7",8402,3.13,3.98,120,"999",1099,1,5329,396120,60,6602,1,58855.2778947368,20275.1419809661
2288,0,1957,4,105058,"81.0",9272,2.8,3.22,118,"4340",4505,0,5337,162468,36,4513,1,51279.5533333333,24180.8889239258
2392,1,1955,3,170449,"100.0",10787,2.64,3.09,131,"6041",6261,1,5350,249312,48,5194,1,35914.855,23021.0410612378
2403,0,1963,0,1204953,"100.0",12541,0.29,0.43,167,"85677",99107,1,5351,205200,36,5700,1,58336.311627907,17204.0709095607
2422,0,1976,7,228848,"57.2",9893,4.09,4.72,96,"5623",5887,0,5352,68400,12,5700,-1,31793.7357142857,12297.1550986777
2501,0,1940,7,285387,"89.9",10177,6.63,7.75,81,"9878",10108,0,5366,86184,12,7182,1,60273.6785714286,25642.0771571919
2550,0,1976,0,1204953,"100.0",12541,0.29,0.43,167,"85677",99107,0,5375,101520,12,8460,1,26449.0921052632,10352.391968575
2592,0,1980,0,1204953,"100.0",12541,0.29,0.43,167,"85677",99107,0,5385,71460,36,1985,1,49220.9806451613,16380.594606473
2606,1,1943,3,51313,"59.2",8930,3.52,4.2,108,"1328",1452,1,5388,61560,12,5130,1,32967.7126760563,17762.2246702773
2623,0,1965,2,93931,"56.9",8427,1.12,1.54,107,"1874",1913,0,5390,170256,24,7094,1,40091.1831168831,13589.3839888406
2635,0,1966,7,106054,"63.1",8110,5.77,6.55,109,"3244",3079,0,5395,299088,36,8308,-1,51992.8547619048,33855.6980257672
2686,0,1951,2,51428,"52.7",8402,3.13,3.98,120,"999",1099,0,5409,182040,60,3034,1,67475.9016949153,21927.6795286742
2698,0,1970,3,51313,"59.2",8930,3.52,4.2,108,"1328",1452,1,5413,92976,24,3874,1,50436.4660550459,26490.3161352521
2700,1,1945,4,125236,"87.7",9675,6.43,7.68,100,"5323",5190,0,5414,185952,48,3874,1,50113.1941176471,31588.3799619124
2708,1,1958,7,182027,"56.4",8746,3.33,3.74,90,"4355",4433,0,5415,139464,36,3874,-1,31532.7483870968,12989.7812150903
2719,0,1964,3,45714,"55.6",8843,2.82,3.6,113,"818",888,0,5418,347952,48,7249,1,54157.1941666667,23422.0265006617
2746,1,1971,0,1204953,"100.0",12541,0.29,0.43,167,"85677",99107,0,5429,20196,36,561,1,52636.5989583333,15288.6889647388
2809,1,1979,4,133777,"84.7",8705,5.75,7.61,116,"4650",4859,0,5445,46320,24,1930,1,43657.8134831461,20752.0889350489
2831,0,1980,7,228848,"57.2",9893,4.09,4.72,96,"5623",5887,0,5449,99336,24,4139,1,27019.5711538462,7892.72182874921
2834,1,1949,5,139012,"61.9",8363,2.52,3.49,108,"2564",2799,0,5450,199680,60,3328,1,33658.6175675676,11909.1687727066
2843,0,1966,7,285387,"89.9",10177,6.63,7.75,81,"9878",10108,0,5452,49440,60,824,1,47798.8654545455,12804.4639168701
2853,0,1956,3,72541,"36.9",8594,1.62,2.01,112,"1580",1525,0,5453,156672,36,4352,1,22927.5026666667,6686.14559025204
2922,1,1940,5,161854,"76.3",9425,1.72,2.5,125,"4085",3891,0,5464,95808,12,7984,1,59701.7866666667,24705.82136034
2966,1,1955,6,114200,"43.7",8403,5.74,5.72,105,"2157",2718,0,5470,200976,48,4187,1,47938.0657142857,18916.9395762718
3001,1,1958,0,1204953,"100.0",12541,0.29,0.43,167,"85677",99107,0,5479,24516,12,2043,1,55582.2260273973,29534.2181133033
3013,0,1950,5,121947,"70.5",8541,2.51,2.97,131,"3496",3839,0,5482,165120,60,2752,1,24377.3715517241,6878.83656641474
3103,0,1973,6,197099,"74.7",9624,1.6,2.31,145,"4484",4265,2,5494,360000,48,7500,1,51149.6551470588,26193.2113809294
3113,0,1971,6,110643,"51.9",8441,3.45,4.48,115,"1879",2252,0,5495,89340,60,1489,1,39644.7636363636,10748.387757632
3251,0,1962,5,139012,"61.9",8363,2.52,3.49,108,"2564",2799,0,5519,91632,12,7636,1,40976.9428571429,10641.4227535957
3264,0,1950,6,86513,"50.5",8288,3.79,4.52,110,"1562",1460,2,5523,93888,36,2608,1,37510.4947368421,14598.865783435
3335,1,1967,1,75637,"36.5",9622,0.45,0.59,154,"3475",3529,0,5533,111384,24,4641,1,65097.2243421053,26285.8630675545
3414,0,1947,1,75637,"36.5",9622,0.45,0.59,154,"3475",3529,0,5549,50460,60,841,1,37570.6279069767,10371.1237818631
3519,1,1949,7,323870,"100.0",10673,4.75,5.44,100,"18782",18347,0,5563,380160,60,6336,1,64777.0752293578,27227.8660788503
3542,1,1939,1,92084,"46.7",10124,0.56,0.54,141,"3810",4316,0,5568,272520,60,4542,1,44602.6416666667,24196.754530887
3576,0,1939,0,1204953,"100.0",12541,0.29,0.43,167,"85677",99107,0,5576,31248,12,2604,1,64493.0991666667,28994.6264318251
3616,0,1964,7,148545,"53.5",8909,4.01,5.56,113,"3460",3590,0,5586,48744,36,1354,1,42930.2071428571,19512.7909722538
3649,0,1959,1,92084,"46.7",10124,0.56,0.54,141,"3810",4316,0,5591,155616,48,3242,1,39426.07,13711.0944582933
3670,0,1980,5,105606,"53.0",8254,2.79,3.76,97,"2166",2325,0,5593,277884,36,7719,-1,46487.0025641026,28041.8750797263
3687,1,1972,5,75685,"60.8",8208,1.89,2.26,155,"1660",2123,0,5595,82896,12,6908,1,57141.730952381,24685.921391444
3705,0,1965,0,1204953,"100.0",12541,0.29,0.43,167,"85677",99107,0,5599,15420,12,1285,1,24577.2,7049.35098797991
3730,0,1945,6,108871,"62.1",8444,3.24,3.47,106,"2595",2305,1,5606,253512,36,7042,-1,37095.8448275862,24704.3850183754
3763,0,1977,4,85852,"59.8",8965,7.08,8.23,104,"2653",2822,0,5610,123216,48,2567,1,70622.83359375,28089.5246363499
3767,1,1936,2,177686,"74.8",10045,1.42,1.71,135,"6604",6295,0,5611,321180,60,5353,1,40524.4631578947,21716.7502502962
3829,1,1972,6,108871,"62.1",8444,3.24,3.47,106,"2595",2305,0,5624,177744,48,3703,-1,26746.5252631579,21147.0807028478
3855,1,1939,3,45714,"55.6",8843,2.82,3.6,113,"818",888,0,5625,222180,60,3703,-1,55230.4440677966,26510.559286204
3907,0,1954,0,1204953,"100.0",12541,0.29,0.43,167,"85677",99107,0,5635,77184,36,2144,1,50722.2701298701,30287.2146676703
4056,0,1952,6,86513,"50.5",8288,3.79,4.52,110,"1562",1460,0,5657,4980,12,415,1,30533.3717391304,8705.18353992897
4217,0,1951,1,81344,"55.3",8899,3.39,3.97,149,"2987",2487,0,5693,44088,24,1837,1,36548.81875,11906.808161813
4352,1,1971,7,226122,"62.6",8994,3.8,4.79,110,"9672",9208,1,5706,161496,36,4486,1,33219.9,19260.5462439382
4377,1,1978,5,78955,"59.0",9060,1.78,2.44,124,"1655",1717,0,5713,158760,60,2646,1,24908.7614457831,8944.71531123884
4428,1,1954,4,85852,"59.8",8965,7.08,8.23,104,"2653",2822,0,5723,23628,12,1969,1,47420.8418181818,27950.2106897095
4433,1,1968,0,1204953,"100.0",12541,0.29,0.43,167,"85677",99107,0,5724,316140,60,5269,-1,18632.9338129496,6901.26079064652
4434,1,1964,6,197099,"74.7",9624,1.6,2.31,145,"4484",4265,0,5725,444864,48,9268,1,32404.7734375,11798.8301963365
4520,0,1957,0,1204953,"100.0",12541,0.29,0.43,167,"85677",99107,0,5739,76380,12,6365,1,26122.8488888889,8289.78009371184
4527,0,1963,0,1204953,"100.0",12541,0.29,0.43,167,"85677",99107,0,5740,18564,12,1547,1,35538.0461538462,14265.870341694
4529,1,1976,4,114006,"62.3",9065,4.46,5.39,123,"4147",4166,1,5741,68544,24,2856,1,44948.6259259259,20196.0740707449
4584,0,1949,1,94725,"63.4",9920,2.26,2.87,130,"4289",4846,0,5750,63252,12,5271,1,49291.8225609756,18482.2989464827
4620,0,1940,6,387570,"100.0",9897,1.6,1.96,140,"18721",18696,0,5754,23052,12,1921,1,23771.9660818713,8912.01935825443
4916,1,1939,5,139012,"61.9",8363,2.52,3.49,108,"2564",2799,0,5804,158976,48,3312,1,49916.091025641,23319.3381850464
4918,1,1968,1,75637,"36.5",9622,0.45,0.59,154,"3475",3529,0,5805,137904,24,5746,-1,26886.1916666667,11982.1017548871
5133,0,1959,6,125832,"48.3",8512,3.51,4.12,102,"2247",2103,0,5836,79632,24,3318,1,63494.2,29061.5370551754
5134,0,1967,6,109164,"63.6",8757,3.38,3.95,96,"2212",2471,0,5837,244560,60,4076,1,38426.7285714286,15757.722747156
5224,1,1949,3,45714,"55.6",8843,2.82,3.6,113,"818",888,0,5861,51408,24,2142,1,52299.2859375,27533.4936541272
5318,1,1968,7,323870,"100.0",10673,4.75,5.44,100,"18782",18347,1,5876,221280,48,4610,1,37596.9323943662,18388.5280031
5320,0,1951,2,74062,"61.4",8114,2.38,2.62,119,"1003",1181,0,5877,97224,24,4051,1,22360.5366071429,7476.93779226286
5333,0,1967,4,119895,"89.9",10446,7.34,9.4,90,"4947",4743,0,5880,73836,36,2051,1,55315.1684210526,32965.1457780967
5337,1,1961,0,1204953,"100.0",12541,0.29,0.43,167,"85677",99107,0,5882,87816,12,7318,1,25533.2142857143,6896.75358541
5364,1,1964,6,145688,"40.7",8544,1.29,1.86,109,"2719",2906,0,5886,192744,36,5354,1,62590.4230769231,28733.3431882516
5366,0,1971,6,110643,"51.9",8441,3.45,4.48,115,"1879",2252,0,5887,192744,36,5354,1,37265.6552631579,16917.1617941261
5384,1,1935,7,182027,"56.4",8746,3.33,3.74,90,"4355",4433,1,5892,66480,24,2770,-1,34798.28,21490.6264629644
5399,0,1972,3,122603,"80.0",8991,1.39,2.01,128,"5198",5273,0,5897,15192,24,633,1,29941.9053254438,7237.18098879355
5433,1,1975,5,102609,"52.0",8187,4.83,5.45,94,"2123",2134,0,5900,135360,48,2820,1,64881.3142857143,30587.6036432061
5517,1,1964,6,161954,"48.0",8720,3.73,4.5,116,"3729",3651,0,5918,300204,36,8339,1,34084.4605633803,11447.5474997358
5521,0,1973,1,81344,"55.3",8899,3.39,3.97,149,"2987",2487,0,5922,20220,12,1685,1,41077.6352941176,25420.7275660302
5526,1,1947,3,67298,"43.8",8561,0.65,1.29,110,"1029",1127,0,5923,64656,48,1347,1,25896.4666666667,11814.9711817702
5606,1,1980,1,149893,"67.4",9753,4.64,5.05,109,"5244",5892,0,5938,402000,60,6700,1,21568.9351851852,7900.83174172206
5701,0,1959,1,88884,"46.7",8507,1.67,1.85,132,"2159",2674,0,5959,107640,24,4485,1,50214.5043478261,22727.6702252298
5760,1,1948,6,125832,"48.3",8512,3.51,4.12,102,"2247",2103,0,5970,465072,48,9689,1,27778.745631068,13613.1005661918
5826,1,1968,2,58796,"51.9",9045,3.13,3.6,124,"1845",1879,0,5980,21396,12,1783,1,30812.9461538462,7990.97115123813
5858,1,1952,5,139012,"61.9",8363,2.52,3.49,108,"2564",2799,0,5988,141648,24,5902,1,45100.4222222222,32279.9221627744
5860,1,1964,5,162580,"72.8",9538,1.51,1.81,111,"6079",5410,0,5989,213300,36,5925,1,27951.913559322,7864.49589327442
5911,1,1935,2,177686,"74.8",10045,1.42,1.71,135,"6604",6295,0,5997,117024,24,4876,1,44131.1692307692,19844.2475911528
5928,0,1970,5,95907,"59.1",8388,2.41,2.94,87,"1658",1668,0,5999,98832,48,2059,1,31814.2683615819,12078.5510197319
5965,1,1951,5,102609,"52.0",8187,4.83,5.45,94,"2123",2134,0,6004,143904,24,5996,1,49727.4561151079,23416.5632154416
5977,1,1979,5,161854,"76.3",9425,1.72,2.5,125,"4085",3891,0,6006,359760,60,5996,1,32434.69375,24143.8743968576
6015,1,1973,6,387570,"100.0",9897,1.6,1.96,140,"18721",18696,0,6011,179328,48,3736,1,44093.9711538462,14278.2257370368
6033,1,1966,0,1204953,"100.0",12541,0.29,0.43,167,"85677",99107,1,6012,258444,36,7179,1,40688.1375,17230.1596177507
6034,1,1939,2,70646,"58.4",8547,2.65,3.64,120,"1563",1542,1,6013,128988,36,3583,-1,34740.7024390244,17311.1197155447
6042,1,1963,6,107911,"50.9",8240,2.53,3.56,99,"1850",1903,0,6015,110112,24,4588,1,76232.7,28391.5690857361
6077,0,1980,6,387570,"100.0",9897,1.6,1.96,140,"18721",18696,0,6019,11400,12,950,1,27533.6636363636,6234.41540799534
6115,0,1953,1,53921,"41.3",8598,2.77,3.26,123,"1597",1875,1,6027,61656,24,2569,-1,44763.4583333333,24849.149080235
6178,0,1940,0,1204953,"100.0",12541,0.29,0.43,167,"85677",99107,0,6038,323472,48,6739,1,45414.0736842105,26516.4280016284
6185,0,1948,6,109164,"63.6",8757,3.38,3.95,96,"2212",2471,0,6043,20352,48,424,1,31814.4145833333,9092.64521654937
6299,1,1936,0,1204953,"100.0",12541,0.29,0.43,167,"85677",99107,0,6063,320976,48,6687,-1,49482.968,27435.7031200293
6301,0,1949,6,157042,"33.9",8743,1.88,2.43,111,"3659",3894,0,6064,14628,12,1219,1,32788.1421568627,9015.76816505543
6317,0,1957,7,148545,"53.5",8909,4.01,5.56,113,"3460",3590,2,6066,173808,24,7242,1,61218.6586666667,24967.3908398702
6349,1,1972,7,226122,"62.6",8994,3.8,4.79,110,"9672",9208,2,6072,193968,36,5388,1,63579.2172413793,30034.3134358623
6359,1,1976,6,197099,"74.7",9624,1.6,2.31,145,"4484",4265,0,6073,276300,60,4605,1,25997.5630434783,6720.21750579642
6367,1,1970,5,105606,"53.0",8254,2.79,3.76,97,"2166",2325,0,6077,79608,24,3317,1,69954.5716981132,24870.2329276802
6417,1,1950,4,128118,"85.3",9317,6.49,7.07,97,"6949",6872,0,6087,300660,60,5011,1,45854.8909090909,30520.9608072814
6499,1,1963,5,105606,"53.0",8254,2.79,3.76,97,"2166",2325,1,6103,149340,60,2489,1,29069.1160714286,10432.3446424138
6544,1,1974,6,125832,"48.3",8512,3.51,4.12,102,"2247",2103,0,6109,368880,60,6148,1,60030.7434065934,28681.8083833356
6551,0,1948,3,122603,"80.0",8991,1.39,2.01,128,"5198",5273,0,6111,174744,24,7281,-1,37485.45625,28302.6531429868
6567,0,1978,1,95616,"51.4",9307,3.85,4.43,118,"2616",3040,0,6112,174744,24,7281,-1,26252.8144067797,23430.5219183994
6616,1,1953,0,1204953,"100.0",12541,0.29,0.43,167,"85677",99107,0,6120,209184,48,4358,1,46230.3397058824,19403.3349506139
6691,1,1942,5,161854,"76.3",9425,1.72,2.5,125,"4085",3891,0,6130,32640,48,680,1,25906.4093457944,7545.46631844196
6731,1,1943,1,53921,"41.3",8598,2.77,3.26,123,"1597",1875,1,6137,44628,12,3719,1,49477.3212328767,22661.8837804567
6753,1,1962,2,58796,"51.9",9045,3.13,3.6,124,"1845",1879,0,6144,44376,12,3698,1,53505.2153846154,28278.2450646163
6789,1,1979,6,161954,"48.0",8720,3.73,4.5,116,"3729",3651,0,6150,83016,12,6918,1,67891.9352040816,25921.0441064247
6798,0,1948,6,117897,"53.8",8814,4.76,5.74,107,"2112",2059,0,6151,225420,60,3757,1,31185.1568627451,9614.3623318295
6803,0,1980,1,95616,"51.4",9307,3.85,4.43,118,"2616",3040,1,6153,285600,60,4760,1,49651.8918367347,26473.4218237354
6829,0,1963,1,92084,"46.7",10124,0.56,0.54,141,"3810",4316,2,6157,98592,24,4108,1,54128.5653846154,19656.2943813719
6895,1,1971,5,95907,"59.1",8388,2.41,2.94,87,"1658",1668,0,6169,103680,60,1728,-1,28250.1091743119,9371.38757971168
6936,0,1959,5,139012,"61.9",8363,2.52,3.49,108,"2564",2799,0,6175,290700,60,4845,-1,59647.424,31590.3305958896
6946,0,1970,7,323870,"100.0",10673,4.75,5.44,100,"18782",18347,2,6178,232560,48,4845,1,63188.6333333333,26204.0306754661
6987,1,1968,0,1204953,"100.0",12541,0.29,0.43,167,"85677",99107,0,6185,31176,24,1299,1,46304.152173913,15340.9509716157
7010,1,1967,7,285387,"89.9",10177,6.63,7.75,81,"9878",10108,0,6190,123600,60,2060,1,39514.6775510204,23277.8730933322
7127,1,1957,1,75232,"41.7",8980,1.95,2.21,111,"2824",2813,0,6202,65184,12,5432,1,47426.55,18172.7682504688
7166,1,1964,2,58796,"51.9",9045,3.13,3.6,124,"1845",1879,0,6210,87216,48,1817,-1,28362.2484848485,8425.33267236824
7195,1,1962,5,102609,"52.0",8187,4.83,5.45,94,"2123",2134,0,6216,141240,24,5885,1,57219.5745098039,19476.2939912246
7241,0,1957,6,161954,"48.0",8720,3.73,4.5,116,"3729",3651,0,6223,61056,48,1272,1,36039.0515625,9064.78033824496
7286,0,1970,5,162580,"72.8",9538,1.51,1.81,111,"6079",5410,0,6227,28248,24,1177,1,45582.4489361702,11726.6176071652
7291,0,1940,7,148545,"53.5",8909,4.01,5.56,113,"3460",3590,1,6228,464520,60,7742,-1,51760.0161764706,27848.6867075738
7299,1,1938,0,1204953,"100.0",12541,0.29,0.43,167,"85677",99107,0,6229,11736,24,489,1,42224.4390977444,11703.0397710468
7311,1,1949,6,124605,"46.0",8772,4.69,4.98,126,"2854",3158,0,6232,276660,36,7685,-1,19256.8948275862,6029.33831266494
7390,1,1937,0,1204953,"100.0",12541,0.29,0.43,167,"85677",99107,1,6244,270648,36,7518,-1,60819.9763888889,29717.3445728698
7422,1,1958,7,323870,"100.0",10673,4.75,5.44,100,"18782",18347,0,6253,59760,24,2490,1,40204.4648148148,12827.1939141715
7521,0,1960,7,323870,"100.0",10673,4.75,5.44,100,"18782",18347,1,6272,398640,60,6644,1,63383.5755813954,21947.8810920456
7576,1,1962,4,85852,"59.8",8965,7.08,8.23,104,"2653",2822,0,6279,87360,24,3640,1,36783.95,13552.4494898524
7594,0,1949,6,197099,"74.7",9624,1.6,2.31,145,"4484",4265,0,6283,85632,48,1784,1,65066.7352941177,26945.9103806775
7672,1,1953,3,170449,"100.0",10787,2.64,3.09,131,"6041",6261,0,6294,79920,60,1332,1,43846.9778947368,11483.0132846738
7678,1,1962,1,75232,"41.7",8980,1.95,2.21,111,"2824",2813,0,6296,270384,48,5633,1,47654.2448275862,18202.5397930386
7683,1,1946,1,107870,"58.0",8754,3.83,4.31,137,"3804",3868,0,6297,17508,12,1459,1,39290.6180555556,9324.20998158318
7723,0,1966,5,78955,"59.0",9060,1.78,2.44,124,"1655",1717,0,6302,181020,60,3017,1,34005.9064516129,9801.68064452976
7727,0,1958,3,51313,"59.2",8930,3.52,4.2,108,"1328",1452,2,6303,72408,24,3017,-1,45099.2615384615,19929.621714111
7753,0,1978,7,285387,"89.9",10177,6.63,7.75,81,"9878",10108,0,6306,36684,12,3057,1,30229.7976,7937.35331596712
7765,0,1958,0,1204953,"100.0",12541,0.29,0.43,167,"85677",99107,0,6309,110136,24,4589,1,50815.8047619048,29147.9849170016
7814,0,1976,6,117897,"53.8",8814,4.76,5.74,107,"2112",2059,0,6315,43164,12,3597,1,68377.0637681159,22291.6540331866
7815,0,1946,1,149893,"67.4",9753,4.64,5.05,109,"5244",5892,0,6316,76908,12,6409,-1,52890.4039215686,23250.7804345665
7914,0,1966,4,85852,"59.8",8965,7.08,8.23,104,"2653",2822,1,6336,212400,36,5900,1,51034.361971831,27309.5010856471
7980,1,1976,2,93931,"56.9",8427,1.12,1.54,107,"1874",1913,0,6342,60156,36,1671,-1,72667.6357142857,34206.9874151755
8076,0,1950,2,93931,"56.9",8427,1.12,1.54,107,"1874",1913,0,6354,22968,36,638,1,23324.9363636364,11195.5739582455
8091,1,1971,1,95616,"51.4",9307,3.85,4.43,118,"2616",3040,1,6356,95400,36,2650,1,41562.3234042553,23576.7433442569
8105,1,1963,7,226122,"62.6",8994,3.8,4.79,110,"9672",9208,1,6358,137880,60,2298,-1,24523.0730337079,11727.0660486249
8130,0,1976,6,145688,"40.7",8544,1.29,1.86,109,"2719",2906,0,6362,37908,12,3159,1,42164.0276315789,12938.940496291
8359,1,1979,7,323870,"100.0",10673,4.75,5.44,100,"18782",18347,0,6403,194880,48,4060,1,36421.4256637168,13195.884796079
8366,0,1960,4,118650,"85.6",9832,3.32,4.48,114,"6445",5471,0,6407,25944,24,1081,1,56927.4540540541,17426.036797827
8432,0,1968,4,85852,"59.8",8965,7.08,8.23,104,"2653",2822,0,6421,96768,36,2688,1,51611.3424242424,22929.2438140538
8598,0,1957,5,112709,"73.5",8369,1.79,2.31,117,"2854",2618,2,6456,47016,12,3918,1,60382.0857142857,23888.3215594482
8610,0,1948,6,157042,"33.9",8743,1.88,2.43,111,"3659",3894,0,6460,48672,36,1352,1,23050.1896907217,5423.58757653173
8615,0,1939,1,107870,"58.0",8754,3.83,4.31,137,"3804",3868,1,6461,74124,36,2059,1,54371.2991803279,30062.3897433142
8670,0,1943,1,95616,"51.4",9307,3.85,4.43,118,"2616",3040,0,6471,155640,24,6485,1,45183.3495238095,13513.4703010347
8677,1,1955,5,75685,"60.8",8208,1.89,2.26,155,"1660",2123,0,6474,63360,60,1056,1,29108.3638655462,6107.70691624117
9173,1,1945,0,1204953,"100.0",12541,0.29,0.43,167,"85677",99107,0,6499,80952,24,3373,1,33312.5388888889,12270.8957420796
9196,0,1939,2,103347,"67.0",9104,1.51,2.07,123,"2299",2354,0,6501,30276,12,2523,-1,31318.872826087,12216.3463270595
9226,0,1939,6,197099,"74.7",9624,1.6,2.31,145,"4484",4265,0,6509,55368,24,2307,1,46061.3193877551,24131.838911621
9236,0,1956,3,51313,"59.2",8930,3.52,4.2,108,"1328",1452,0,6512,63312,48,1319,1,22551.7792682927,5522.43286901478
9273,0,1955,4,119895,"89.9",10446,7.34,9.4,90,"4947",4743,0,6520,91200,24,3800,1,32558.5333333333,15743.4335553044
9316,0,1958,6,86513,"50.5",8288,3.79,4.52,110,"1562",1460,0,6526,288468,36,8013,1,36999.5235294118,16205.7218110815
9346,1,1972,5,161854,"76.3",9425,1.72,2.5,125,"4085",3891,0,6535,41952,12,3496,1,41502.0257142857,13263.3487517078
9366,1,1975,7,226122,"62.6",8994,3.8,4.79,110,"9672",9208,1,6540,309600,48,6450,1,58185.5892857143,20963.7284754465
9417,1,1949,2,103347,"67.0",9104,1.51,2.07,123,"2299",2354,0,6545,191880,60,3198,1,53685.7862068966,26747.6519343773
9418,1,1950,0,1204953,"100.0",12541,0.29,0.43,167,"85677",99107,0,6546,31728,24,1322,1,31139.7478632479,9913.02291629028
9427,0,1970,6,145688,"40.7",8544,1.29,1.86,109,"2719",2906,0,6550,320592,48,6679,1,60781.3068181818,21161.1082372356
9593,0,1968,7,323870,"100.0",10673,4.75,5.44,100,"18782",18347,0,6577,51696,24,2154,1,58226.5049019608,26115.0300582261
9606,1,1949,5,139012,"61.9",8363,2.52,3.49,108,"2564",2799,1,6578,27984,12,2332,1,30639.8631578947,16237.3338015726
9611,1,1958,3,87419,"85.5",8624,1.79,2.66,102,"2879",3198,0,6580,196080,48,4085,1,49143.9659574468,23182.3966120405
9641,1,1945,6,197099,"74.7",9624,1.6,2.31,145,"4484",4265,0,6585,372120,60,6202,1,64044.0459302326,25895.9123556906
9663,1,1945,2,51428,"52.7",8402,3.13,3.98,120,"999",1099,1,6589,189696,24,7904,1,54137.1056179775,23400.6344403618
9670,1,1948,4,85852,"59.8",8965,7.08,8.23,104,"2653",2822,0,6591,20832,48,434,1,21368.9099337748,5923.77470848619
9675,0,1970,6,110643,"51.9",8441,3.45,4.48,115,"1879",2252,0,6594,189696,24,7904,-1,14900,8889.03819319053
9702,0,1951,4,133777,"84.7",8705,5.75,7.61,116,"4650",4859,0,6596,91584,24,3816,1,50765.4161290323,18234.7410890329
9715,0,1977,4,88768,"80.5",8867,1.02,1.21,130,"3384",3620,0,6598,68112,12,5676,1,47220.1340136054,19532.4684934742
9717,0,1952,5,139012,"61.9",8363,2.52,3.49,108,"2564",2799,0,6599,72120,12,6010,1,75686.0656862745,20598.0023080414
9721,1,1954,4,125236,"87.7",9675,6.43,7.68,100,"5323",5190,0,6600,21852,36,607,1,38509.05,15001.8555730028
9798,0,1950,7,42821,"48.4",8173,7.01,7.01,124,"1358",1358,1,6613,84120,24,3505,1,56910.6894736842,24271.6240579839
9844,1,1945,6,157042,"33.9",8743,1.88,2.43,111,"3659",3894,0,6624,71460,12,5955,1,47991.5302325581,19235.7296006123
9915,1,1967,3,67298,"43.8",8561,0.65,1.29,110,"1029",1127,1,6642,77640,12,6470,1,55570.305,23174.9518368682
9930,1,1972,1,81344,"55.3",8899,3.39,3.97,149,"2987",2487,0,6644,93600,24,3900,1,40078.7072727273,21469.6303402672
9933,1,1941,7,323870,"100.0",10673,4.75,5.44,100,"18782",18347,0,6645,140400,36,3900,1,43563.62,18981.7909761338
9945,0,1968,3,51313,"59.2",8930,3.52,4.2,108,"1328",1452,1,6647,208320,48,4340,1,43944.8894117647,16039.8608356021
9973,0,1945,3,122603,"80.0",8991,1.39,2.01,128,"5198",5273,2,6650,49320,12,4110,-1,46576.2775510204,24439.8771809198
9995,1,1958,6,387570,"100.0",9897,1.6,1.96,140,"18721",18696,0,6659,56100,60,935,1,20158.0014705882,8426.83221179932
10040,0,1968,4,114006,"62.3",9065,4.46,5.39,123,"4147",4166,0,6667,155880,24,6495,1,63263.1471830986,26666.1457993998
10043,1,1965,5,77917,"53.5",8390,2.28,2.89,132,"2080",2122,0,6668,74736,36,2076,1,37912.9985074627,10605.6881129534
10076,0,1969,3,170449,"100.0",10787,2.64,3.09,131,"6041",6261,0,6676,29784,24,1241,1,27626.0833333333,13131.9771257266
10095,0,1976,0,1204953,"100.0",12541,0.29,0.43,167,"85677",99107,0,6678,80340,12,6695,1,61531.5903846154,26678.2587142345
10198,1,1976,3,51313,"59.2",8930,3.52,4.2,108,"1328",1452,0,6686,224604,36,6239,1,57496.9892473118,21234.8560104119
10200,0,1980,1,53921,"41.3",8598,2.77,3.26,123,"1597",1875,0,6687,87840,24,3660,1,46318.5529411765,20670.9773821631
10269,0,1940,7,285387,"89.9",10177,6.63,7.75,81,"9878",10108,0,6694,134784,24,5616,1,44005.1127272727,25288.2009752466
10275,0,1970,7,148545,"53.5",8909,4.01,5.56,113,"3460",3590,0,6696,89040,60,1484,1,30045.4,8832.0792786139
10282,1,1979,0,1204953,"100.0",12541,0.29,0.43,167,"85677",99107,1,6698,247728,48,5161,1,60054.734,23168.3394450149
10287,0,1962,5,78955,"59.0",9060,1.78,2.44,124,"1655",1717,0,6699,7656,24,319,1,46444.6395061728,12923.5603454957
10350,0,1961,3,45714,"55.6",8843,2.82,3.6,113,"818",888,0,6704,417060,60,6951,1,58445.027027027,25817.7354135523
10382,0,1965,2,70646,"58.4",8547,2.65,3.64,120,"1563",1542,0,6712,266220,60,4437,1,34922.88125,11836.4476034268
10389,0,1943,2,70646,"58.4",8547,2.65,3.64,120,"1563",1542,0,6715,220620,60,3677,1,36907.45625,14352.078379313
10459,0,1964,2,74062,"61.4",8114,2.38,2.62,119,"1003",1181,0,6721,21072,24,878,1,21575.6866666667,9070.83734462628
10475,0,1948,5,121947,"70.5",8541,2.51,2.97,131,"3496",3839,0,6725,265320,36,7370,1,35566.8810810811,9992.57311449955
10479,0,1955,1,88884,"46.7",8507,1.67,1.85,132,"2159",2674,0,6726,85860,60,1431,1,30461.4041666667,7824.8666290422
10510,0,1945,3,87419,"85.5",8624,1.79,2.66,102,"2879",3198,0,6729,74688,12,6224,1,48484.6241071429,20930.650934413
10528,0,1952,5,162580,"72.8",9538,1.51,1.81,111,"6079",5410,0,6732,174048,48,3626,1,72968.3811594203,23455.927264329
10543,0,1945,2,177686,"74.8",10045,1.42,1.71,135,"6604",6295,1,6734,173016,36,4806,1,61799.2436170213,26512.878935391
10555,1,1935,0,1204953,"100.0",12541,0.29,0.43,167,"85677",99107,2,6736,288360,60,4806,1,33211.76,16686.2311887643
10563,1,1949,7,228848,"57.2",9893,4.09,4.72,96,"5623",5887,0,6737,76680,24,3195,1,62933.4748251748,21005.6802918876
10566,0,1942,7,323870,"100.0",10673,4.75,5.44,100,"18782",18347,0,6738,230220,36,6395,-1,27658.487804878,29524.489997328
10636,1,1971,6,197099,"74.7",9624,1.6,2.31,145,"4484",4265,0,6745,47304,24,1971,1,68740.0233532934,30916.763221259
10702,1,1938,2,74062,"61.4",8114,2.38,2.62,119,"1003",1181,0,6751,85716,36,2381,1,31337.2578947368,12288.0630072131
10818,1,1972,6,197099,"74.7",9624,1.6,2.31,145,"4484",4265,0,6764,33984,48,708,1,38587.76,9896.49244594163
10963,1,1944,0,1204953,"100.0",12541,0.29,0.43,167,"85677",99107,1,6785,125340,60,2089,1,51145.5157480315,22705.1827824266
11050,0,1957,7,285387,"89.9",10177,6.63,7.75,81,"9878",10108,0,6805,45024,48,938,1,41994.9076923077,13151.5102543473
11063,0,1955,6,197099,"74.7",9624,1.6,2.31,145,"4484",4265,0,6808,227880,36,6330,1,45134.721686747,29551.4830543201
11093,1,1959,4,128118,"85.3",9317,6.49,7.07,97,"6949",6872,1,6810,186384,48,3883,1,61578.3015789474,27339.8874685749
11105,0,1957,7,285387,"89.9",10177,6.63,7.75,81,"9878",10108,0,6816,100224,48,2088,-1,28124.9333333333,9838.64837040488
11114,1,1952,0,1204953,"100.0",12541,0.29,0.43,167,"85677",99107,0,6817,70656,48,1472,1,32646.8509433962,12948.7615374929
11121,0,1971,7,226122,"62.6",8994,3.8,4.79,110,"9672",9208,0,6818,155616,48,3242,1,44197.5098837209,11044.4943921964
11126,0,1965,0,1204953,"100.0",12541,0.29,0.43,167,"85677",99107,0,6820,38148,12,3179,1,37462.0931034483,13293.4318052437
11195,1,1953,6,109164,"63.6",8757,3.38,3.95,96,"2212",2471,0,6836,189300,60,3155,1,32354.031372549,12250.0795724793
11208,0,1957,1,92084,"46.7",10124,0.56,0.54,141,"3810",4316,0,6841,172080,48,3585,1,60743.9571428571,21110.3118747415
11314,1,1936,5,77917,"53.5",8390,2.28,2.89,132,"2080",2122,0,6863,127080,60,2118,1,30060.9541666667,11520.1844510437
11327,1,1947,7,226122,"62.6",8994,3.8,4.79,110,"9672",9208,0,6865,29448,12,2454,-1,28977.4363636364,11482.4951554331
11372,1,1961,1,75637,"36.5",9622,0.45,0.59,154,"3475",3529,0,6876,86616,12,7218,1,25714.0466666667,11715.9751727452
11409,0,1980,4,105058,"81.0",9272,2.8,3.22,118,"4340",4505,0,6888,39576,12,3298,1,48944.827826087,26896.8541402657
11461,1,1974,7,285387,"89.9",10177,6.63,7.75,81,"9878",10108,0,6895,41904,12,3492,1,36080.3867132867,20303.8171201358
11497,0,1959,1,75637,"36.5",9622,0.45,0.59,154,"3475",3529,0,6903,52128,24,2172,1,33459.6802816901,20087.3650297794
11574,0,1944,0,1204953,"100.0",12541,0.29,0.43,167,"85677",99107,1,6919,120888,36,3358,1,40838.7552083333,21557.4645434396
11596,0,1940,7,285387,"89.9",10177,6.63,7.75,81,"9878",10108,0,6921,86184,12,7182,1,59935.2714285714,24799.9740378728
11662,1,1972,7,127369,"51.2",8369,4.73,5.88,107,"3736",2807,1,6929,36396,12,3033,1,57977.0348101266,25051.2576378554
11685,0,1965,6,197099,"74.7",9624,1.6,2.31,145,"4484",4265,0,6933,188688,48,3931,1,42203.1727272727,20050.2784167389
11709,1,1961,0,1204953,"100.0",12541,0.29,0.43,167,"85677",99107,0,6940,228276,36,6341,1,41402.135,14856.8141901735
11754,1,1966,6,145688,"40.7",8544,1.29,1.86,109,"2719",2906,0,6944,46176,48,962,1,33613.1058823529,13279.6378527179
11794,0,1970,3,51313,"59.2",8930,3.52,4.2,108,"1328",1452,1,6949,104712,24,4363,1,52379.1287037037,25655.5136540927
11804,1,1944,7,323870,"100.0",10673,4.75,5.44,100,"18782",18347,0,6950,104712,24,4363,1,57357.8434554974,27075.7420583239
11851,1,1970,6,114200,"43.7",8403,5.74,5.72,105,"2157",2718,2,6955,244368,48,5091,1,75924.2409722222,25561.8276844292
11866,1,1937,0,1204953,"100.0",12541,0.29,0.43,167,"85677",99107,0,6960,76416,24,3184,1,31375.1607843137,11990.8733564062
11873,0,1963,4,85852,"59.8",8965,7.08,8.23,104,"2653",2822,0,6961,176148,36,4893,1,47154.5,21431.2378562617
11886,0,1941,6,117897,"53.8",8814,4.76,5.74,107,"2112",2059,0,6965,139536,24,5814,1,63889.8739393939,30644.1570757547
11978,1,1971,6,387570,"100.0",9897,1.6,1.96,140,"18721",18696,2,6985,113796,36,3161,1,36840.5736111111,11410.8354231442
12003,1,1976,7,323870,"100.0",10673,4.75,5.44,100,"18782",18347,0,6986,151728,48,3161,-1,30491.098245614,24000.1249980636
12050,1,1943,5,139012,"61.9",8363,2.52,3.49,108,"2564",2799,0,6992,133968,48,2791,1,46772.3151898734,22590.1043080536
12079,0,1972,6,197099,"74.7",9624,1.6,2.31,145,"4484",4265,1,6995,96168,12,8014,1,50492.688590604,21691.1342547418
12095,1,1939,5,162580,"72.8",9538,1.51,1.81,111,"6079",5410,0,6996,126600,24,5275,1,47118.9931818182,17179.8114630378
12102,0,1968,2,103347,"67.0",9104,1.51,2.07,123,"2299",2354,0,6998,97632,12,8136,1,53379.1276923077,22871.8265868698
12144,1,1980,1,88884,"46.7",8507,1.67,1.85,132,"2159",2674,0,7004,331560,60,5526,1,36941.9983193277,11038.4095115299
12181,1,1961,0,1204953,"100.0",12541,0.29,0.43,167,"85677",99107,0,7008,36168,12,3014,1,39063.7666666667,14039.2733865905
12220,0,1971,6,110643,"51.9",8441,3.45,4.48,115,"1879",2252,0,7013,89340,60,1489,1,40005.4818181818,10876.8717046827
12303,0,1974,3,122603,"80.0",8991,1.39,2.01,128,"5198",5273,0,7034,19044,36,529,1,43121.7550724638,10532.7848881137
12325,1,1964,1,112065,"69.4",11277,1.25,1.44,127,"5179",4987,0,7036,194940,36,5415,1,56669.7879120879,35314.5278448429
12396,0,1970,6,145688,"40.7",8544,1.29,1.86,109,"2719",2906,0,7055,167100,60,2785,1,63707.6265822785,26493.5915888754
12416,1,1973,0,1204953,"100.0",12541,0.29,0.43,167,"85677",99107,1,7057,231696,36,6436,1,45873.6166666667,20926.3694425144
12432,1,1965,6,157042,"33.9",8743,1.88,2.43,111,"3659",3894,0,7061,121896,24,5079,1,54422.5967741935,21910.8275563776
12464,1,1959,4,119895,"89.9",10446,7.34,9.4,90,"4947",4743,0,7066,215388,36,5983,-1,32702.7266666667,10504.3104701605
12625,1,1958,6,387570,"100.0",9897,1.6,1.96,140,"18721",18696,0,7097,75624,24,3151,-1,50009.9086956522,20688.4180488837
12662,1,1953,2,177686,"74.8",10045,1.42,1.71,135,"6604",6295,0,7101,421008,48,8771,1,37436.422,12359.209052004
12695,1,1979,7,228848,"57.2",9893,4.09,4.72,96,"5623",5887,0,7104,259740,60,4329,1,45198.1529411765,19487.2396663213
12754,1,1960,6,157042,"33.9",8743,1.88,2.43,111,"3659",3894,0,7121,21924,36,609,1,34272.2133333333,10171.0318459875
12810,1,1964,4,119895,"89.9",10446,7.34,9.4,90,"4947",4743,2,7130,123408,24,5142,1,28359.2553846154,17185.3638546914
12840,1,1939,6,110643,"51.9",8441,3.45,4.48,115,"1879",2252,0,7136,54396,36,1511,1,30293.7086956522,10625.9463929278
12843,1,1953,6,125832,"48.3",8512,3.51,4.12,102,"2247",2103,0,7137,151560,24,6315,1,53976.2928571429,22844.0061645797
12844,1,1946,5,77917,"53.5",8390,2.28,2.89,132,"2080",2122,0,7138,60000,60,1000,1,24643.2839416058,5853.92888671955
12859,0,1976,0,1204953,"100.0",12541,0.29,0.43,167,"85677",99107,0,7142,482940,60,8049,-1,26358.7546153846,9885.4777247265
12943,1,1970,6,157042,"33.9",8743,1.88,2.43,111,"3659",3894,2,7154,417600,60,6960,1,43196.7441176471,18631.3583226447
13071,1,1956,4,118650,"85.6",9832,3.32,4.48,114,"6445",5471,0,7166,198240,24,8260,1,30953.14375,13022.4216144806
13113,1,1976,1,75637,"36.5",9622,0.45,0.59,154,"3475",3529,0,7176,260028,36,7223,1,50676.8198757764,20993.628045388
13190,1,1956,7,161227,"69.7",8678,5.93,5.57,102,"4980",4595,0,7189,154656,48,3222,1,31791.3280898876,10868.9432774909
13201,1,1937,3,51313,"59.2",8930,3.52,4.2,108,"1328",1452,1,7192,115992,36,3222,1,25666.4070866142,17591.0559501949
13231,1,1959,0,1204953,"100.0",12541,0.29,0.43,167,"85677",99107,0,7194,68832,36,1912,1,37557.0547169811,12288.7904112708
13260,0,1977,7,226122,"62.6",8994,3.8,4.79,110,"9672",9208,1,7198,45768,12,3814,1,32555.8185185185,14361.643030577
13380,1,1942,6,114200,"43.7",8403,5.74,5.72,105,"2157",2718,0,7213,113544,36,3154,1,33990.4197183099,12325.8311911857
13412,1,1954,0,1204953,"100.0",12541,0.29,0.43,167,"85677",99107,1,7220,131292,36,3647,1,36635.1156626506,12494.3123334861
13447,0,1970,1,53921,"41.3",8598,2.77,3.26,123,"1597",1875,0,7226,197748,36,5493,1,44735.43125,19635.3576744511
13451,0,1955,5,105606,"53.0",8254,2.79,3.76,97,"2166",2325,1,7227,314520,60,5242,1,63527.42,28698.3798261659
13480,1,1953,2,93931,"56.9",8427,1.12,1.54,107,"1874",1913,0,7233,115812,36,3217,1,56646.5161290323,21971.1628521051
13490,0,1969,2,70699,"65.3",8968,2.83,3.35,131,"1740",1910,1,7235,154416,48,3217,1,46715.8,20286.9655584644
13539,1,1978,6,86513,"50.5",8288,3.79,4.52,110,"1562",1460,1,7240,274740,60,4579,1,57188.2111111111,25256.6658167142
13548,1,1976,0,1204953,"100.0",12541,0.29,0.43,167,"85677",99107,0,7241,168984,24,7041,-1,56053.9975,28355.3601580073
13576,1,1974,7,226122,"62.6",8994,3.8,4.79,110,"9672",9208,0,7243,217152,36,6032,1,49107.0666666667,18394.5137848639
13590,1,1977,6,108871,"62.1",8444,3.24,3.47,106,"2595",2305,1,7246,148920,60,2482,1,32435.3193548387,15220.6512633641
13603,1,1941,5,112709,"73.5",8369,1.79,2.31,117,"2854",2618,0,7249,69360,48,1445,1,33857.1064102564,9598.2528518684
13657,0,1963,6,108871,"62.1",8444,3.24,3.47,106,"2595",2305,0,7259,108144,36,3004,1,54652.8981818182,25585.472260311
13687,1,1959,7,138032,"64.6",8819,5.38,5.66,99,"4063",4505,0,7262,182628,36,5073,1,33229.1076923077,14579.4217665666
13690,1,1963,7,285387,"89.9",10177,6.63,7.75,81,"9878",10108,1,7263,89880,24,3745,1,62571.2827586207,27471.9750004315
13750,0,1980,1,107870,"58.0",8754,3.83,4.31,137,"3804",3868,0,7271,392460,60,6541,1,57131.7405594406,20293.3634796541
13845,1,1973,2,58796,"51.9",9045,3.13,3.6,124,"1845",1879,0,7284,52788,12,4399,1,22198.1790697674,6652.64295634085
13955,0,1945,0,1204953,"100.0",12541,0.29,0.43,167,"85677",99107,1,7304,419880,60,6998,1,59352.8333333333,27879.3968566711
13968,1,1968,6,117897,"53.8",8814,4.76,5.74,107,"2112",2059,0,7305,54024,12,4502,1,36480.1850340136,15469.9881129642
13971,0,1962,7,106054,"63.1",8110,5.77,6.55,109,"3244",3079,0,7308,129408,24,5392,1,30869.7813084112,11709.1423747552
